IPAddress;DateTimeUtc
130.25.88.216;09/26/2025 16:16:42
37.168.17.58;08/25/2025 12:41:31
37.169.58.205;08/21/2025 16:25:44
37.169.56.122;08/19/2025 14:37:54
37.169.47.166;08/19/2025 14:37:25
37.169.3.60;08/19/2025 13:36:59
37.169.3.60;08/19/2025 13:36:40
37.168.26.158;08/19/2025 07:14:28
37.169.43.173;08/18/2025 09:57:51
37.169.43.173;08/18/2025 09:49:16
37.169.31.44;08/18/2025 09:43:06
37.168.5.51;08/18/2025 08:30:12
37.168.5.51;08/18/2025 08:29:41
37.169.39.38;08/18/2025 06:45:26
37.168.56.174;08/16/2025 17:38:50
37.168.21.239;08/15/2025 13:50:57
37.169.18.59;08/15/2025 08:15:00
37.168.35.34;08/14/2025 12:26:58
37.168.17.97;08/14/2025 07:50:27
37.168.36.15;08/13/2025 08:34:58
37.169.7.122;08/12/2025 15:11:49
37.168.31.195;08/12/2025 10:03:35
37.169.51.209;08/11/2025 08:48:13
37.168.24.81;08/09/2025 07:38:57
37.168.22.52;08/08/2025 20:41:26
37.168.22.52;08/08/2025 12:02:09
37.168.5.66;08/08/2025 09:50:20
37.168.15.179;08/08/2025 09:47:54
37.168.45.64;08/08/2025 09:35:30
37.168.45.64;08/08/2025 09:34:52
37.168.45.64;08/08/2025 09:29:38
37.168.45.64;08/08/2025 09:26:20
37.168.45.64;08/08/2025 09:19:32
37.168.45.64;08/08/2025 09:01:36
37.168.45.64;08/08/2025 08:58:46
37.168.45.64;08/08/2025 08:58:08
37.168.45.64;08/08/2025 08:53:21
37.168.45.64;08/08/2025 08:04:22
37.169.47.249;08/07/2025 18:47:09
37.168.6.229;08/07/2025 13:09:16
37.169.18.69;08/07/2025 11:54:51
37.168.7.144;08/07/2025 08:55:51
37.168.22.124;08/07/2025 08:11:58
37.168.55.167;08/05/2025 07:52:05
37.169.12.127;08/04/2025 11:35:33
37.169.51.243;08/04/2025 10:25:45
37.169.21.42;08/04/2025 10:23:59
37.169.21.42;08/04/2025 10:23:43
37.169.21.42;08/04/2025 10:23:15
37.169.21.42;08/04/2025 10:22:57
37.169.21.42;08/04/2025 10:22:46
37.168.12.120;08/04/2025 06:06:53
37.168.22.203;08/03/2025 11:34:28
37.168.29.187;08/01/2025 18:49:21
37.168.57.46;08/01/2025 15:06:29
37.168.4.162;08/01/2025 13:24:49
37.168.12.250;08/01/2025 10:43:49
37.169.43.214;08/01/2025 10:13:34
37.168.50.194;08/01/2025 09:47:02
37.168.13.67;08/01/2025 08:02:19
37.168.21.247;07/31/2025 16:12:15
37.168.5.84;07/31/2025 11:52:10
37.168.5.85;07/31/2025 08:39:48
37.168.24.242;07/31/2025 08:07:51
37.169.26.244;07/31/2025 08:00:22
37.169.26.244;07/31/2025 08:00:03
37.169.49.118;07/30/2025 09:49:19
37.169.49.118;07/30/2025 09:48:57
37.169.46.166;07/30/2025 08:38:58
37.169.46.166;07/30/2025 08:36:23
37.169.12.41;07/29/2025 18:52:20
37.169.41.223;07/29/2025 15:21:27
37.169.41.214;07/29/2025 12:43:56
37.169.24.179;07/29/2025 07:35:06
37.169.27.183;07/28/2025 12:50:08
37.168.24.229;07/28/2025 07:15:29
37.169.46.92;07/25/2025 13:30:50
37.169.0.97;07/25/2025 06:40:50
37.168.12.70;07/24/2025 07:48:38
37.168.48.88;07/23/2025 16:15:50
37.168.5.41;07/22/2025 12:17:03
37.168.4.216;07/17/2025 10:15:11
37.168.31.23;05/23/2025 11:13:30
37.168.31.23;05/23/2025 11:13:29
37.168.31.23;05/23/2025 11:13:29
37.168.31.23;05/23/2025 11:12:51
37.168.31.23;05/23/2025 11:12:51
37.168.31.23;05/23/2025 11:12:27
37.168.31.23;05/23/2025 11:12:26
37.168.31.23;05/23/2025 11:10:46
37.168.22.131;05/14/2025 16:33:45
37.168.22.131;05/14/2025 15:58:41
37.168.22.131;05/14/2025 15:57:15
37.168.22.131;05/14/2025 15:51:09
37.168.22.131;05/14/2025 15:51:09
37.168.22.131;05/14/2025 15:51:07
37.168.22.131;05/14/2025 15:51:01
37.168.22.131;05/14/2025 15:51:00
37.168.22.131;05/14/2025 15:49:50